,filter,name,distance,img,link,detail,engname,engdistance,engdetail,jpnname,jpndistance,jpndetail,latitude,longitude
1,강릉,에디슨과학박물관,가이택펜션에서 차로 5분,http://tong.visitkorea.or.kr/cms2/website/10/2473510.jpg,http://edisonmuseum.kr/,"에디슨의 3,500여점 발명품 중 가장 대표적 3대 발명품인 축음기, 전구, 영사기를 비롯한 에디슨발명품과 유품 등 2,000여점이 전시된 세계최대의 에디슨박물관.",Edison Museum of Science,5 minutes by car from Gaitaek Pension,"Of Edison's 3,500 inventions, the world's largest Edison Museum displays 2,000 of Edison's inventions, including phonographs, light bulbs, and Edison's inventions and relics.",エジソン科学博物館,『ガイタックペンション』から車で約5分,エジソンの3500点余りの発明品の中で最も代表的な3大発明品である蓄音機、電球、映写機をはじめエジソン発明品と遺品など2000点余りが展示された世界最大のエジソン博物館。,37.7973093,128.8970549
2,강릉,정동진,금진해변에서 차로 6분,http://tong.visitkorea.or.kr/cms2/website/93/2361193.jpg,https://korean.visitkorea.or.kr/detail/ms_detail.do?cotid=e42599c9-bac7-4f83-8a89-fe4b7464d90c&big_category=A01&mid_category=A0101&big_area=32,전국 최고의 해돋이 명승지,Jeongdongjin,Six minutes' drive from Geumjin Beach,the nation's best sunrise spot,チョン·ドンジン,『グムジン海岸』から車で約6分,全国最高の日の出の名勝,37.6925306,129.0317609
3,강릉,경포대,가이택펜션에서 차로 7분,http://tong.visitkorea.or.kr/cms2/website/37/2791937.jpeg,https://korean.visitkorea.or.kr/detail/ms_detail.do?cotid=babcea7b-a8e6-4a30-9e33-f783ad33fe79&big_category=A02&mid_category=A0201&big_area=32,관동팔경의 하나로 경포호수 북쪽 언덕에 있는 누각,Gyeongpodae Pavilion,7 minutes by car from Gaitaek Pension,"a pavilion on the northern hill of Gyeongpo Lake, one of the eight scenic views of Gwandong",鏡砲台,『ガイタックペンション』から車で約7分,関東八景の一つで鏡浦湖の北側丘にある楼閣,37.7950602,128.8966038
4,강릉,경포해변,가이택펜션에서 차로 7분,http://tong.visitkorea.or.kr/cms2/website/72/2617272.jpg,https://www.gn.go.kr/tour/prog/lod/Sights/S01/sub02_02_01/view.do?cid=434,"무더운 여름철, 대한민국의 젊음을 느끼고 싶다면 부산의 해운대, 강릉의 경포대를 가라는 말이 있다.",Gyeongpo Beach,7 minutes by car from Gaitaek Pension,"There is a saying that if you want to feel the youth of Korea in the hot summer, go to Haeundae in Busan and Gyeongpodae in Gangneung.",鏡浦海岸,『ガイタックペンション』から車で約7分,蒸し暑い夏、韓国の若さを感じたいなら、釜山の海雲台、江陵の鏡浦台に行けという言葉がある。,37.8054953,128.9082081
5,강릉,경포호,가이택펜션에서 차로 7분,http://tong.visitkorea.or.kr/cms2/website/78/2617278.jpg,https://korean.visitkorea.or.kr/detail/ms_detail.do?cotid=a88826b7-6c45-47b8-88c2-2b73f6c50dac&big_category=A01&mid_category=A0101&big_area=32,"경포해변이 품은 아름다운 호수, 경포호",Gyeongpo Lake,7 minutes by car from Gaitaek Pension,"Gyeongpo Lake, a beautiful lake on Gyeongpo Beach",鏡浦湖,『ガイタックペンション』から車で約7分,鏡浦海岸が抱く美しい湖、鏡浦湖,37.7979331,128.9048623
6,강릉,강릉 선교장,가이택펜션에서 차로 8분,http://tong.visitkorea.or.kr/cms2/website/26/2662826.jpg,https://knsgj.net/,예전에는 경포호수를 가로질러 배로 다리를 만들어 건너 다녔다하여 선교장이라고 지어졌다.,Gangneung Missionary Field,8 minutes by car from Gaitaek Pension,"In the past, it was built as a missionary site because it was said that a bridge was built by boat across Gyeongpo Lake.",江陵宣教場,『ガイタックペンション』から車で約8分,昔、鏡浦湖を横切って船で橋を作って渡っていたことから宣教場と名付けられた。,37.7866796,128.8851259
7,강릉,강문해변,가이택펜션에서 차로 9분,http://tong.visitkorea.or.kr/cms2/website/50/2536150.jpg,https://www.gn.go.kr/tour/prog/lod/Sights/S01/sub02_02_01/view.do?cid=961,해변을 가로지르는 솟대다리가 아름다운 해변,Gangmun Beach,9 minutes by car from Gaitaek Pension,a beautiful beach with a pole across the beach,川のほとり,『ガイタックペンション』から車で約9分,海辺を横切るソッテ橋が美しい海辺,37.7960033,128.9183385
8,강릉,영진해변,가이택펜션에서 차로 10분,http://tong.visitkorea.or.kr/cms2/website/85/2791985.jpeg,https://www.gn.go.kr/tour/prog/lod/Sights/S01/sub02_02_01/view.do?cid=971,"조용하고 깨끗하여 동호인이나 가족단위로 피서를 즐기기에 가장 좋은 곳으로서 바다 냄새가 물신 풍기는 조그마한 어촌 마을이며, 해수욕과 함께 배낚시를 즐길 수도 있다.",Yeongjin Beach,10 minutes by car from Gaitaek Pension,"As it is quiet and clean, it is the best place to enjoy summer vacation for club members or families, and it is a small fishing village with the smell of the sea, and you can also enjoy boat fishing along with swimming.",栄進海辺,『ガイタックペンション』から車で約10分,静かできれいで同好人や家族連れで避暑を楽しむのに最適な場所として海の匂いが漂う小さな漁村であり、海水浴と共に船釣りを楽しむこともできる。,37.8692569,128.8452235
9,강릉,오죽헌,가이택펜션에서 차로 10분,http://tong.visitkorea.or.kr/cms2/website/72/2536372.jpg,https://korean.visitkorea.or.kr/detail/ms_detail.do?cotid=679100b3-4c51-452c-8ca1-ee196477cce1&big_category=A02&mid_category=A0201&big_area=32,신사임당과 율곡이이의 생가,Ojukheon House,10 minutes by car from Gaitaek Pension,Birthplace of Shin Saimdang and Yulgok Yi,オジュクホン,『ガイタックペンション』から車で約10分,申師任堂と栗谷李の生家,37.7789833,128.8776624
10,강릉,초당 순두부마을,가이택펜션에서 차로 10분,http://tong.visitkorea.or.kr/cms2/website/54/2028954.jpg,https://korean.visitkorea.or.kr/detail/ms_detail.do?cotid=115b36e9-c686-42ff-8f51-714aaf746ba7&big_category=A02&mid_category=A0203&big_area=32,경포해수욕장에서 남쪽으로 조금 내려오면 순두부로 유명한 초당두부마을이 있다. 강릉에서 가장 유명한 먹거리인 초당순두부는 콩을 갈아 여러 과정을 거쳐 동해안의 바닷물로 응고시켜 만든 것으로 굉장히 부드럽고 고소하다.,Chodang Soft Tofu Village,10 minutes by car from Gaitaek Pension,"If you go down a little south from Gyeongpo Beach, there is Chodang Tofu Village, which is famous for soft tofu. Chodang soft tofu, the most famous food in Gangneung, is made by grinding beans and solidifying them into seawater on the east coast through various processes, which is very soft and savory.",草堂スンドゥブ村,『ガイタックペンション』から車で約10分,鏡浦海水浴場から南側に少し下ってくると、スンドゥブとして有名な草堂豆腐村がある。江陵で最も有名な食べ物である草堂スンドゥブは豆を挽いて色々な過程を経て東海岸の海水で凝固させて作ったもので、とても柔らかくて香ばしい。,37.7906975,128.9156023
11,강릉,허난설헌 생가터,가이택펜션에서 차로 12분,http://tong.visitkorea.or.kr/cms2/website/97/2473697.jpg,https://korean.visitkorea.or.kr/detail/ms_detail.do?cotid=d2fca523-ded6-4048-b04d-7aba9cdf5370&big_category=A02&mid_category=A0201&big_area=327aba9cdf5370&big_category=A02&mid_category=A0201&big_area=32,강원도 강릉에 있는 허난설헌 생가터는 조선 시대 최고의 여류문인 허난설헌의 예술혼과 문학 업적을 기리기 위해 마련된 곳이다.,Site of Birthplace of Heo Nanseolheon,12 minutes by car from Gaitaek Pension,"The birthplace of Henan Seolheon in Gangneung, Gangwon-do, was designed to commemorate the artistic spirit and literary achievements of Henan Seolheon, the best female gate of the Joseon Dynasty.",許蘭雪軒の生家跡,『ガイタックペンション』から車で約12分,江原道江陵にある河南雪軒生家跡は、朝鮮時代最高の女流門である河南雪軒の芸術魂と文学業績を称えるために設けられたところ,37.7918973,128.9096442
12,강릉,강릉 송정해수욕장,가이택펜션에서 차로 15분,http://tong.visitkorea.or.kr/cms2/website/57/1691557.jpg,https://www.gn.go.kr/tour/prog/lod/Sights/S01/sub02_02_01/view.do?cid=437,울창한 송림과 넓은 백사장을 즐길 수 있는 곳,Songjeong Beach in Gangneung,15 minutes by car from Gaitaek Pension,A place where you can enjoy dense pine forests and wide sandy beaches,江陵松亭海水浴場,『ガイタックペンション』から車で約15分,鬱蒼とした松林と広い砂浜が楽しめる場所,37.7802629,128.9377878
13,강릉,주문진항,가이택펜션에서 차로 16분,http://tong.visitkorea.or.kr/cms2/website/80/2531280.jpg,https://korean.visitkorea.or.kr/detail/ms_detail.do?cotid=d2b10d5d-f2eb-4658-ab4e-2fe431a82836&big_category=A01&mid_category=A0101&big_area=32,배에서 갓 내려놓은 횟감이 무척 싱싱하며 관광객의 구미를 당기기에 충분하다. 저렴한 가격으로 많은 회를 즐길 수 있다.,Jumunjin Port,16 minutes by car from Gaitaek Pension,The fresh sashimi from the boat is very fresh and enough to appeal to tourists. You can enjoy many sashimi at a low price.,注文津港,『ガイタックペンション』から車で約16分,船から下ろしたばかりの刺身がとても新鮮で、観光客の興味を引くのに十分なところ。贅沢な刺身が楽しめる。,37.8921969,128.829985
14,강릉,안목해변,가이택펜션에서 차로 17분,http://tong.visitkorea.or.kr/cms2/website/80/1798980.jpg,https://www.gn.go.kr/tour/prog/lod/Sights/S0101/sub02_02_02/view.do?cid=967,강릉 안목해변은 아름다운 커피거리로 전국에서도 손꼽히는 곳이다.가을에는 커피 축제를 열고 해안선이 쭉 이어져 있어 긴 해안선을 따라 드라이브를 하면 여러 관광지까지 함께 볼 수 있다.,Anmok Beach,17 minutes by car from Gaitaek Pension,"Gangneung Anmok Beach is one of the most beautiful coffee streets in the country.In autumn, a coffee festival is held and the coastline is connected all the way, so if you drive along the long coastline, you can see various tourist attractions together.",眼目海辺,『ガイタックペンション』から車で約17分,江陵安木海辺は美しいコーヒー街として全国でも指折りの場所だ。秋にはコーヒーフェスティバルを開いて海岸線がずっと続いており、長い海岸線沿いにドライブをすれば、様々な観光地まで一緒に見ることができる。,37.7725746,128.9477906
15,강릉,정동심곡 바다부채길,가이택펜션에서 차로 17분,http://tong.visitkorea.or.kr/cms2/website/80/2628080.jpg,https://korean.visitkorea.or.kr/detail/ms_detail.do?cotid=8c3b4b32-b365-4d4a-84b5-9f2fc1911170&big_category=A03&mid_category=A0301&big_area=32,정동진 썬크루주차장 ~ 심곡항 사이 약 2.86㎞ 탐방로가 조성되어 동해바다의 푸른 물결과 웅장한 기암괴석에서 오는 비경의 아름다움을 감상할 수 있다.,Jeong-dong Simgok Sea Fan-gil,17 minutes by car from Gaitaek Pension,"A 2.86km trail between Jeongdongjin Suncrew Parking Lot and Simgok Port will be created, allowing you to enjoy the beauty of the blue waves of the East Sea and the scenic beauty from the magnificent strange rocks.",正東深谷ウミ扇子道,『ガイタックペンション』から車で約17分,正東津サンクルー駐車場~深谷港の間に約2.86km探訪路が造成され、東海の青い波と雄大な奇岩怪石から来る秘境の美しさを鑑賞することができる。,37.6835846,129.044075
16,강릉,강릉 중앙시장,가이택펜션에서 차로 21분,http://tong.visitkorea.or.kr/cms2/website/44/2792044.jpeg,https://www.gn.go.kr/www/contents.do?key=568,강릉 중앙시장은 강릉시내 정 중앙에 위치해 있는 상설시장으로 강원영동지역 물류의 중심지이다.,Gangneung Central Market,21 minutes by car from Gaitaek Pension,"Gangneung Jungang Market is a permanent market located in the center of Gangneung-si and is the center of logistics in Yeongdong, Gangwon-do.",江陵中央市場,『ガイタックペンション』から車で約21分,江陵中央市場は江陵市内の中央に位置している常設市場で、江原嶺東地域の物流の中心地だ。,37.753562,128.8983903
17,강릉,향호해수욕장,가이택펜션에서 차로 22분,http://tong.visitkorea.or.kr/cms2/website/46/2792146.jpeg,https://www.gn.go.kr/tour/sub02_01_01.do,방탄소년단(BTS)의 앨범재킷 사진으로 유명한 곳. BTS 버스정류장.,Hyangho Beach,22 minutes by car from Gaitaek Pension,BTS (BTS) famous for their album jacket photos. BTS bus stop.,香湖海水浴場,『ガイタックペンション』から車で約22分,BTSのアルバムジャケット写真で有名なところ。 BTSバス停。,37.9123319,128.8176
18,강릉,테라로사 커피공장,금진해변에서 차로 22분,http://tong.visitkorea.or.kr/cms2/website/94/2792094.jpeg,https://korean.visitkorea.or.kr/detail/ms_detail.do?cotid=9c449ce4-d145-483d-9545-6427b7707b53&big_category=A05&mid_category=A0502&big_area=32,‘커피 테이스팅 코스’가 유명한 카페 겸 박물관,Terra Rosa Coffee Factory,22 minutes by car from Geumjin Beach,Coffee tasting course is a famous cafe and museum,テラロッサコーヒー工場,『グムジン海岸』から車で約22分,「コーヒーテイスティングコース」が有名なカフェ兼博物館,37.6960845,128.8918603
19,강릉,강릉 솔향수목원,가이택펜션에서 차로 33분,http://tong.visitkorea.or.kr/cms2/website/96/2435096.jpg,https://www.gn.go.kr/solhyang/index.do,"우리나라 대표수종이며 뛰어난 기상과 자태가 고운 금강소나무는 백두대간 동쪽, 쪽빛의 동해바다를 바라보는 곳에 자생하는 것으로 유명하다.",Solhyang Arboretum in Gangneung,33 minutes by car from Gaitaek Pension,"The Geumgang pine tree, which is Korea's representative tree, is famous for growing naturally in the east of Baekdudaegan Mountain Range and overlooking the indigo-colored East Sea.",江陵松香樹木園,『ガイタックペンション』から車で約33分,韓国の代表樹種であり、優れた気象と姿が美しい金剛松は白頭大幹の東側、藍色の東海を眺めるところに自生することで有名,37.6952679,128.8602677
1,고성,백도해수욕장,삼포해수욕장에서 차로 4분,http://tong.visitkorea.or.kr/cms2/website/19/2456119.jpg,http://baekdobeach.co.kr/,항구 앞바다에 백도라는 섬이 있어 백도란 이름으로 불린다.,Baekdo Beach,4 minutes by car from Sampo Beach,"There is an island called Baekdo off the coast of the port, so it is called Baekdo.",白島海水浴場,『三浦海水浴場』から車で約4分,港の沖合に白島という島があり、白島という名前で呼ばれる。,38.3011306,128.5463992
2,고성,공현진해수욕장,삼포해수욕장에서 차로 6분,http://tong.visitkorea.or.kr/cms2/website/93/2617293.jpg,http://gonghyeonjin.co.kr/,고성군의 유명한 해변으로 다른곳에 비해 백사장이 길고 송림이 우거져 남다른 경관을 자랑하는 해수욕장.,Gonghyeonjin Beach,6 minutes by car from Sampo Beach,"It is a famous beach in Goseong-gun, and has a longer white sandy beach than other places and a dense pine forest, making it a unique beach.",コンヒョンジン海水浴場,『三浦海水浴場』から車で約6分,高城郡の有名な海辺で、他のところに比べて砂浜が長く、松林が茂り、格別な景観を誇る海水浴場。,38.3516736,128.5119978
3,고성,천학정,삼포해수욕장에서 차로 6분,http://tong.visitkorea.or.kr/cms2/website/65/2774365.jpg,https://korean.visitkorea.or.kr/search/search_list.do?keyword=%EC%B2%9C%ED%95%99%EC%A0%95,"천학정은 고성군 토성면에 자리한 누각으로, 조화로운 송림과 해안 사이 깎아지른 듯한 기암절벽 위에 자리하고 있다. 절경을 선사하는 동해안의 일출명소이며, 고성의 대표 누각으로 청간정과 자웅을 겨룰 만큼 근사한 멋을 자랑한다.",Chunhakjeong Pavilion,6 minutes by car from Sampo Beach,"Cheonhakjeong Pavilion is a pavilion located in Toseong-myeon, Goseong-gun, and is located on a sheer rocky cliff between harmonious pine forests and the coast. It is a sunrise spot on the east coast that offers a superb view, and boasts a gorgeous look enough to compete with Cheongganjeong Pavilion and Jawung as the representative pavilion of Goseong.",天学亭,『三浦海水浴場』から車で約6分,天鶴亭は高城郡土城面に位置した楼閣で、調和した松林と海岸の間に削られたような奇岩絶壁の上に位置している。 絶景を贈る東海岸の日の出スポットであり、古城を代表する楼閣として清澗亭と雌雄を競うほど素敵な趣を誇る。,38.2890013,128.5476597
4,고성,송지호 철새관망타워,삼포해수욕장에서 차로 7분,http://tong.visitkorea.or.kr/cms2/website/74/1544574.jpg,https://korean.visitkorea.or.kr/detail/ms_detail.do?cotid=e87490d9-1c3c-4fab-b359-cdced3fb2bb4&big_category=A02&mid_category=A0205&big_area=32,철새들을 관찰할 수 있는 훌륭한 자연생태학습관,Song Jiho Migratory Bird Network Tower,7 minutes by car from Sampo Beach,Great Natural Ecology Learning Center to Watch Migratory Birds,ソン·ジホ渡り鳥観望タワー,『三浦海水浴場』から車で約7分,渡り鳥が観察できる素晴らしい自然生態学習館,38.3362708,128.5176535
5,고성,왕곡마을,삼포해수욕장에서 차로 7분,http://tong.visitkorea.or.kr/cms2/website/07/2761007.jpg,https://blog.naver.com/happy-goseong/222571086088,송지호 북쪽에 들어선 왕곡 전통마을은 강원도 북부해안 지방으로 피서여행을 갈 때 꼭 한번 들러볼만한 곳,Wanggok Village,7 minutes by car from Sampo Beach,"Wanggok Traditional Village, located in the north of Songjiho Lake, is a must-visit place for summer vacation to the northern coast of Gangwon-do",ワンゴク村,『三浦海水浴場』から車で約7分,ソンジ湖の北側にある旺谷伝統村は江原道北部海岸地方に避暑旅行に行く時、必ず立ち寄ってみる価値のある場所だ。,38.3402229,128.500191
6,고성,금강산 화암사,삼포해수욕장에서 차로 20분,http://tong.visitkorea.or.kr/cms2/website/35/2774335.jpg,https://korean.visitkorea.or.kr/detail/ms_detail.do?cotid=ac174c21-2429-4470-b6bd-b877d97ef6f9&big_category=A02&mid_category=A0201&big_area=32,신라 36대 혜공왕 5년에 진표율사에 의하여 창건된 화암사.,Hwaamsa Temple in Geumgangsan Mountain,20 minutes by car from Sampo Beach,Hwaamsa Temple was founded by Jinpyo Yulsa in the 5th year of the 36th King Hyegong of Silla.,金剛山花岩寺,『三浦海水浴場』から車で約20分,新羅36代恵恭王5年に真表律師によって創建された花岩寺。,38.2263223,128.4711825
7,고성,하늬라벤더팜,삼포해수욕장에서 차로 23분,http://tong.visitkorea.or.kr/cms2/website/95/2761795.jpg,https://www.lavenderfarm.co.kr/src/main/indexpage.php,설악과 금강산 자락이 만나는 강원 고성의 초여름 언덕을 보랏빛으로 채색하는 라벤더마을.,Hani Lavender Farm,23 minutes by car from Sampo Beach,"Lavender Village, where Seorak meets the foot of Mt. Geumgang, is colored purple on the hills of Goseong, Gangwon Province.",ハニラベンダーファーム,『三浦海水浴場』から車で約23分,雪岳(ソルアク)と金剛山(クムガンサン)の裾が出会う江原道高城(カンウォンド·コソン)の初夏の丘を紫色に彩るラベンダー村。,38.3494048,128.4156437
8,고성,화진포해수욕장,삼포해수욕장에서 차로 25분,http://tong.visitkorea.or.kr/cms2/website/51/1691751.jpg,https://blog.naver.com/happy-goseong/222548640116,동해안 최북단에 있는 해변,Hwajinpo Beach,25 minutes by car from Sampo Beach,the northernmost beach on the east coast,花津浦海水浴場,『三浦海水浴場』から車で約25分,東海岸の最北端にある海辺,38.4794678,128.438825
1,동해,도째비골 스카이밸리,논골담길에서 차로 1분,http://tong.visitkorea.or.kr/cms2/website/62/2819262.jpg,https://www.gangwon.to/gwtour/gangwondo_trip/tourist_spot/experience?control=CT10033_T&tourCode=TOSIGK00,"묵호등대와 월소택지 사이에 있는 도째비골에 동해의 아름다운 풍광을 즐길 수 있도록 전망시설 및 각종 체험시설을 조성한 관광지로, ‘도째비’는 ‘도깨비’의 방언이다.","Skye Valley, Dojavigol",1 minute drive from Nongoldam-gil,"It is a tourist destination that has created observation facilities and various experience facilities to enjoy the beautiful scenery of the East Sea in Dojebigol Valley between Mukho Lighthouse and Wolso Housing Site, and Dojebi is a dialect of Goblin.",ドチェビゴル·スカイバレー,『ノンゴルダムキル』から車で約1分,墨湖灯台と月沼宅地の間にあるトチェビコルに東海の美しい風景を楽しめるよう展望施設および各種体験施設を造成した観光地で、「トチェビ」は「トッケビ」の方言だ。,37.5552526,129.1191212
2,동해,동쪽바다 중앙시장,논골담길에서 차로 2분,http://tong.visitkorea.or.kr/cms2/website/92/1927992.jpg,https://korean.visitkorea.or.kr/detail/ms_detail.do?cotid=428eb349-6303-4cb7-a7f8-06c13f583180&big_category=A04&mid_category=A0401&big_area=32,1943년경 자연적으로 발생 (묵호항 개항과 함께 형성)하였다.,East Sea Central Market,2 minutes by car from Nongoldam-gil,It occurred naturally around 1943 (formed with the opening of Mukho Port).,東の海の中央市場,『ノンゴルダムキル』からから車で約2分,1943年頃、自然に発生(墨湖港開港とともに形成)した。,37.5508278,129.1089482
3,동해,묵호항,논골담길에서 차로 2분,http://tong.visitkorea.or.kr/cms2/website/81/2563881.jpg,https://blog.naver.com/sunrisectdh/222680918849,청정 동해바다에서 잡은 신선한 수산물을 저렴한 가격에 맛볼 수 있는 활선어 판매센터가 유명한 곳,Mukho Port,2 minutes by car from Nongoldam-gil,"It is famous for its live fish sales center, where you can enjoy fresh seafood caught in the clean East Sea at an affordable price",墨湖港,『ノンゴルダムキル』からから車で約2分,清浄東海で獲れた新鮮な水産物を低価格で味わえる活鮮魚販売センターが有名な場所,37.5499191,129.1123032
4,동해,동해향교,논골담길에서 차로 8분,http://tong.visitkorea.or.kr/cms2/website/42/1928042.jpg,https://korean.visitkorea.or.kr/detail/ms_detail.do?cotid=32dc49e7-6149-4201-94fa-c7e1d6e1fddd&big_category=A02&mid_category=A0201&big_area=32,사도창달과 지방문화발전을 위한 구심점이 마련되어야 한다는 현실적인 필요성과 동해유림의 독자적인 진로를 모색하기 위하여 창건되었다.,East Sea Local Confucian School,Eight minutes by car from Nongoldam-gil,It was founded to explore the realistic need for the creation of apostles and the development of local culture and the independent path of the East Sea Forest.,東海郷校,『ノンゴルダムキル』からから車で約8分,使徒暢達と地方文化発展のための求心点が用意されなければならないという現実的な必要性と東海儒林独自の進路を模索するために創建された。,37.5400832,129.0915499
5,동해,망상해변,논골담길에서 차로 11분,http://tong.visitkorea.or.kr/cms2/website/89/2800689.jpeg,https://korean.visitkorea.or.kr/detail/ms_detail.do?cotid=46a1d5f9-c4f9-434b-879a-2d3f02330709&big_category=A01&mid_category=A0101&big_area=32,"넓은 백사장과 울창한 송림, 청정한 해수, 얕은 수심 등 동해안 해수욕장 중 가장 넓고 쾌적한 환경을 갖춤",Delusional Beach,11 minutes by car from Nongoldam-gil,"It has the widest and most pleasant environment among the beaches on the east coast, including wide sandy beaches, dense pine forests, clean seawater, and shallow water depth",妄想海辺,『ノンゴルダムキル』から車で約11分,広い砂浜と鬱蒼とした松林、清浄な海水、浅い水深など東海岸海水浴場の中で最も広く快適な環境を備えている。,37.5940178,129.0900515
6,동해,추암해수욕장,논골담길에서 차로 23분,http://tong.visitkorea.or.kr/cms2/website/23/2550623.jpg,https://blog.naver.com/sunrisectdh/221064996415,맑은 물과 잘게 부서진 백사장이 아름다운 해수욕장,Chuam Beach,23 minutes by car from Nongoldam-gil,Beautiful beach with clear water and crushed white sand,秋岩海水浴場,『ノンゴルダムキル』から車で約23分,澄んだ水と細かく砕けた砂浜が美しい海水浴場,37.4775412,129.1595545
7,동해,무릉계곡,논골담길에서 차로 24분,http://tong.visitkorea.or.kr/cms2/website/15/2800715.jpeg,https://korean.visitkorea.or.kr/detail/ms_detail.do?cotid=886fe753-f7ef-4e7e-83d6-9f80c5650923&big_category=A01&mid_category=A0101&big_area=32,두타산과 청옥산 아래 호암소에서 용추폭포까지 4km에 달하는 계곡. 신선이 사는 무릉도원처럼 아름답다는 의미에서 생긴 ‘무릉계곡’이라는 이름,Mureung Valley,24 minutes by car from Nongoldam-gil,The valley is 4km long from Hoamso to Yongchu Falls under Dutasan Mountain and Cheongoksan Mountain. The name Mureung Valley was created in the sense of being beautiful like Mureung Dowon where the gods live,武陵渓谷,『ノンゴルダムキル』から車で約24分,頭陀山と青玉山の下の虎岩所から龍湫滝まで4kmに達する渓谷。神仙が住む武陵桃園のように美しいという意味でできた「武陵渓谷」という名前。,37.46216,129.012875
8,동해,추암 촛대바위,논골담길에서 차로 24분,http://tong.visitkorea.or.kr/cms2/website/50/2801150.jpeg,https://korean.visitkorea.or.kr/detail/ms_detail.do?cotid=e13ee150-d204-49d3-890d-68f66dcfecce&big_category=A01&mid_category=A0102&big_area=32,수중의 기암 괴석이 바다를 배경으로 촛대바위와 함께 어울려 빚어내는 비경으로 감탄을 자아내는 장소,Churam Chotdaebawi Rock,24 minutes by car from Nongoldam-gil,A place where strange rocks and bizarre stones in the water are created with the background of the sea along with candlestick rocks,秋岩燭台岩,『ノンゴルダムキル』から車で約24分,水中の奇岩怪石が海を背景に燭台岩と一緒に織り成す秘境で感嘆を誘う場所。,37.4791927,129.1600848
1,삼척,삼척 해상케이블카,신남항에서 차로 6분,http://tong.visitkorea.or.kr/cms2/website/15/2801515.jpeg,https://korean.visitkorea.or.kr/detail/ms_detail.do?cotid=ffe647e0-5892-484a-a785-cc5ab971aea4&big_category=A01&mid_category=A0101&big_area=32,케이블카를 타고 에메랄드빛 바다 위를 여행하는 삼척 해상케이블카.,Samcheok Offshore Cable Car,6 minutes by car from Sinnam Port,Samcheok Sea Cable Car Travels Over the Emerald Sea by Cable Car.,三陟海上ケーブルカー,『新南港(シンナムハン)灯台』から車で約6分,ケーブルカーに乗ってエメラルド色の海の上を旅する三陟海上ケーブルカー。,37.289131,129.308543
2,삼척,장호어촌체험마을,신남항에서 차로 6분,http://tong.visitkorea.or.kr/cms2/website/76/1843476.jpg,https://korean.visitkorea.or.kr/detail/ms_detail.do?cotid=2828d7e9-52cd-46d8-a1bc-b3d90241fc5d&big_category=A02&mid_category=A0203&big_area=32,해돋이가 일품인 곳으로 이름난 장호항은 '어촌체험관광마을'로 지정되어 다양한 어촌 체험을 할 수 있다.,Jangho Fishing Village Experience Village,6 minutes by car from Sinnam Port,"Jangho Port, famous for its excellent sunrise, has been designated as a Fishing Village Experience Tourism Village where visitors can experience various fishing villages.",チャンホ漁村体験村,『新南港(シンナムハン)灯台』から車で約6分,日の出が絶品の場所として有名な長湖港は「漁村体験観光村」に指定され、多様な漁村体験ができる。,37.2881246,129.317628
3,삼척,삼척 해양레일바이크,신남항에서 차로 궁촌정거장까지 13분 / 용화정거장까지 9분,http://tong.visitkorea.or.kr/cms2/website/93/2801393.jpeg,https://korean.visitkorea.or.kr/detail/ms_detail.do?cotid=1c8e2a0e-6e57-4e02-ae01-de2523b2d926&big_category=A03&mid_category=A0305&big_area=32,신비로운 해저터널을 여행하는 듯한 루미나리에와 레이저 쇼가 연출된다. 삼척 해양레일바이크는 궁촌정거장과 용화정거장 두 곳이 있다.,Samcheok Marine Rail Bike,13 minutes from Sinnam Port to Gungchon Station / 9 minutes to Yonghwa Station,"Luminarie and a laser show are produced as if traveling through a mysterious undersea tunnel. Samcheok Marine Rail Bike has two stations, Gungchon Station and Yonghwa Station.",三陟海洋レールバイク,『新南港(シンナムハン)灯台』から車で宮村停留所まで約13分、龍華停留所までは約9分,神秘的な海底トンネルを旅するようなルミナリエとレーザーショーが演出される。三陟海洋レールバイクは宮村停車場と龍華停車場の2ヵ所がある。,37.3231857,129.2662923
4,삼척,초곡 용굴 촛대바위길,신남항에서 차로 14분,http://tong.visitkorea.or.kr/cms2/website/83/2801483.jpeg,https://korean.visitkorea.or.kr/detail/ms_detail.do?cotid=d5976597-4164-4dc0-96a8-700f555ec3a0&big_category=A03&mid_category=A0301&big_area=32,작은 고깃배가 드나들 수 있고 구렁이가 용으로 승천한 장소라는 전설을 갖고 있는 곳,Chogok Yonggul Candle Rock Road,14 minutes by car from Sinnam Port,"A place where small fishing boats can enter and exit, and where there is a legend that the serpent ascended to heaven with a dragon",草谷龍窟燭台岩道,『新南港(シンナムハン)灯台』から車で約14分,小さな漁船が出入りでき、大蛇が龍に昇天した場所だという伝説を持っているところ。,37.311243,129.296356
5,삼척,덕봉산 해안생태탐방로,신남항에서 차로 22분,http://tong.visitkorea.or.kr/cms2/website/37/2716037.jpg,https://korean.visitkorea.or.kr/detail/rem_detail.do?cotid=f50fd4fb-6ea7-4bd3-bdc3-c1cca3a27a3c&con_type=11000,거대한 기암괴석과 망망대하 비경을 보며 걷는 덕봉산 해안생태탐방로.,Deokbongsan Coastal Ecological Trail,22 minutes by car from Sinnam Port,"Deokbongsan Mountain Coastal Ecological Trail, which walks while looking at the huge strange rocks and the unexplored view of the vast ocean.",徳峰山海岸生態探訪路,『新南港(シンナムハン)灯台』から車で約22分,巨大な奇岩怪石と望望大河秘境を見ながら歩く徳峰山海岸生態探訪路。,37.387852,129.239421
6,삼척,맹방 유채밭,신남항에서 차로 22분,http://tong.visitkorea.or.kr/cms2/website/07/2596707.jpg,https://korean.visitkorea.or.kr/detail/ms_detail.do?cotid=39ff3db6-ec80-46a1-9170-5758ee3ba362&big_category=A01&mid_category=A0101&big_area=32,삼척시내에서 울진방향으로 약10분 가량을 가다보면 7번국도변을 따라 활짝핀 벚꽃과 그 옆의 노란 유채밭이 멋진 조화를 이룬다. 개화시기는 매년 4월 중순이다.,Maengbang Canola Flower Garden,22 minutes by car from Sinnam Port,"If you go from downtown Samcheok to Uljin for about 10 minutes, cherry blossoms in full bloom along National Road No. 7 and the yellow rape field next to it create a wonderful harmony. The flowering period is mid-April every year.",萌え菜園,『新南港(シンナムハン)灯台』から車で約22分,三陟市内から蔚珍方向に約10分ほど行くと、国道7号沿いに満開した桜とその隣の黄色い菜園が素敵な調和を成す。開花時期は毎年4月中旬だ。,37.402947,129.208484
7,삼척,맹방해변,신남항에서 차로 22분,https://www.samcheok.go.kr/CmsMultiFile/view.do?multifileId=TT00000032&idx=3118&,https://korean.visitkorea.or.kr/detail/rem_detail.do?cotid=03aba7af-b6fd-47a2-a571-2b8b8c4a2309&con_type=10000,방탄소년단(BTS)의 'Butter' 앨범 재킷 촬영지.,Maengbang Beach,22 minutes by car from Sinnam Port,BTS(BTS)'s Butter album jacket shoot.,盲妨害変,『新南港(シンナムハン)灯台』から車で約22分,BTSの「Butter」アルバムジャケット撮影地。,37.390509,129.232048
8,삼척,삼척장미공원,신남항에서 차로 26분,http://tong.visitkorea.or.kr/cms2/website/91/2550691.jpg,https://korean.visitkorea.or.kr/detail/ms_detail.do?cotid=f16e1f37-0b20-4d59-b6ad-c06d9d7c0820&big_category=A02&mid_category=A0202&big_area=32,"삼척 장미공원은 1천만 송이의 장미가 아름다운 장관을 이루고 있으며, 각종 휴양 및 편의시설을 갖추고 있는 문화와 휴식, 여가공간이다. 엑스포공원 근처, 삼척터미널과는 5분거리로 교통이 편리하다.",Samcheok Rose Park,26 minutes by car from Sinnam Port,"Samcheok Rose Park is a cultural, rest, and leisure space with 10 million roses and various recreational and convenient facilities. It is a 5-minute distance from Samcheok Terminal near Expo Park, and transportation is convenient.",三陟バラ公園,『新南港(シンナムハン)灯台』から車で約26分,三陟バラ公園は1千万本のバラが美しい壮観を成しており、各種休養や便宜施設を備えている文化と休息、余暇空間だ。エキスポ公園の近く、三陟ターミナルとは5分の距離で交通が便利だ。,37.433288,129.177519
9,삼척,새천년해안도로(이사부길),신남항에서 차로 28분,http://tong.visitkorea.or.kr/cms2/website/58/2801458.jpeg,https://korean.visitkorea.or.kr/detail/ms_detail.do?cotid=52561673-e059-499d-930d-a5698f31a7d0&big_category=A02&mid_category=A0203&big_area=32,"푸른 바다를 온몸으로 맞으며 달릴 수 있는 새천년해안도로, 일명 이사부길.",New Millennium Coastal Road (Isabu-gil),28 minutes by car from Sinnam Port,"It is called Isabu-gil, a new millennium coastal road where you can run while facing the blue sea with your whole body.",新千年海岸道路(伊佐夫吉),『新南港(シンナムハン)灯台』から車で約28分,青い海を全身で浴びながら走ることができる新千年海岸道路、別名イサブギル。,37.437674,129.193654
10,삼척,죽서루,신남항에서 차로 30분,http://tong.visitkorea.or.kr/cms2/website/94/2801494.jpeg,https://blog.naver.com/samcheokcityhall/222770830879,죽서루는 우리나라 보물로 지정되어 있는 관동팔경 중 한 곳으로 삼척 성내동에 있는 누각.,Jukseoru Pavilion,30 minutes by car from Sinnam Port,"Jukseoru Pavilion is one of the Eight Scenic Views of Gwandong, designated as a treasure in Korea, and is a pavilion located in Seongnae-dong, Samcheok.",竹書楼,『新南港(シンナムハン)灯台』から車で約30分,竹西楼は韓国の宝物に指定されている関東八景の一つで、三陟城内洞にある楼閣。,37.440921,129.1605409
11,삼척,덕풍계곡,신남항에서 차로 37분,http://tong.visitkorea.or.kr/cms2/website/88/2777588.jpg,https://korean.visitkorea.or.kr/detail/ms_detail.do?cotid=2e6e54a8-59c2-48b5-bdc7-ec1c7aaab011&big_category=A01&mid_category=A0101&big_area=32,"병풍처럼 둘러싸인 산세가 수려하여, 등산을 겸한 가족 단위 피서지로 적합한 곳이다. 덕풍계곡과 용소골은 트레킹 코스로서 더할 나위 없이 좋은 곳이기도 하다.",Deokpung Valley,37 minutes by car from Sinnam Port,"The mountain surrounded by a folding screen is beautiful, making it a suitable place for a family vacation spot as well as hiking. Deokpung Valley and Yongsogol Valley are also excellent places as trekking courses.",徳豊渓谷,『新南港(シンナムハン)灯台』から車で約37分,屏風のように囲まれた山勢が秀麗で、登山を兼ねた家族連れの避暑地として適しているところだ。徳豊渓谷と龍沼谷はトレッキングコースとしてこの上なく良いところでもある。,37.079614,129.201396
12,삼척,환선굴,신남항에서 차로 55분,http://tong.visitkorea.or.kr/cms2/website/38/2777438.jpg,https://korean.visitkorea.or.kr/detail/ms_detail.do?cotid=495c04ca-e6f8-47da-b76c-a228c494d742&big_category=A01&mid_category=A0101&big_area=32,자연의 신비로움을 느낄 수 있는 환선굴 (대이리 동굴지대).,Hwanseongul Cave,55 minutes by car from Sinnam Port,Hwanseon Cave (Daei-ri Cave Area) where you can feel the mystery of nature.,幻仙窟,『新南港(シンナムハン)灯台』から車で約55分,自然の神秘が感じられる幻仙窟(大二里洞窟地帯)。,37.326396,129.020989
1,속초,영랑호,삼포해수욕장에서 차로 18분,http://tong.visitkorea.or.kr/cms2/website/17/2774617.jpg,https://korean.visitkorea.or.kr/detail/ms_detail.do?cotid=876c8f68-208f-4c0a-ab5a-77e37f21ad98&big_category=A01&mid_category=A0101&big_area=32,삼국유사에 따르면 영랑호는 신라의 화랑인 ‘영랑’의 이름에서 따온 것으로 전해진다.,Lake Yeongrang,18 minutes by car from Sampo Beach,"According to the History of the Three Kingdoms, Yeongrang Lake is said to be named after Yeongrang, a gallery of Silla.",ヨンラン号,『三浦(サンポ)海水浴場』から車で約18分,三国遺事によると、永朗湖は新羅の画廊である「永朗」の名前から取ったものと伝えられている。,38.2180146,128.5809922
2,속초,속초등대전망대,삼포해수욕장에서 차로 21분,http://tong.visitkorea.or.kr/cms2/website/45/2617545.jpg,https://korean.visitkorea.or.kr/detail/ms_detail.do?cotid=e5eefdfb-cbc8-4a23-b0e8-d6fdc0fb97b0&big_category=A01&mid_category=A0101&big_area=32,속초 8경 중 제1경에 손꼽히는 명소다. 원래 등대로만 기능했으나 지금은 일반에 개방되어 전망대 역할까지 담당하고 있다.,Sokcho Lighthouse Observatory,21 minutes by car from Sampo Beach,"It is one of the eight scenic spots in Sokcho. Originally, it functioned only as a lighthouse, but now it is open to the public and even serves as an observatory.",束草灯台展望台,『三浦(サンポ)海水浴場』から車で約21分,束草8景の中で第1景に数えられる名所だ。本来灯台としてのみ機能したが、今は一般に開放され展望台の役割まで担っている。,38.2136363,128.6001796
3,속초,속초 관광수산시장,삼포해수욕장에서 차로 22분,http://tong.visitkorea.or.kr/cms2/website/90/2801590.jpeg,http://www.sokcho-central.co.kr/,속초 여행의 필수 코스로 꼽히는 속초관광수산시장은 없는 것 없이 다 있는 만물상 같은 곳이다.,Sokcho Tourism and Fisheries Market,22 minutes by car from Sampo Beach,"Sokcho Tourism and Fisheries Market, which is considered an essential course for Sokcho travel, is a place like a everything market with everything.",束草観光水産市場,『三浦(サンポ)海水浴場』から車で約22分,束草旅行の必須コースに挙げられる束草観光水産市場は、すべてある万物商のようなところだ。,38.204615,128.590132
4,속초,영금정,삼포해수욕장에서 차로 22분,http://tong.visitkorea.or.kr/cms2/website/85/2801785.jpeg,https://korean.visitkorea.or.kr/detail/ms_detail.do?cotid=faed64ba-2fcc-4409-a9f7-a1d64d4ceefa&big_category=A01&mid_category=A0101&big_area=32,암반 위 구름다리 끝에 세워진 정자에 해변 경관을 감상할 수 있는 영금정.,Yeonggeumjeong Pavilion,22 minutes by car from Sampo Beach,"Yeonggeumjeong Pavilion, where you can enjoy the beach scenery from the pavilion built at the end of the cloud bridge on the rock.",霊金亭,『三浦(サンポ)海水浴場』から車で約22分,岩盤の上の雲橋の先に建てられた亭子に海辺の景観を鑑賞できる霊琴亭。,38.2118321,128.6015368
5,속초,속초 엑스포타워,삼포해수욕장에서 차로 23분,http://tong.visitkorea.or.kr/cms2/website/38/2801638.jpeg,https://korean.visitkorea.or.kr/detail/ms_detail.do?cotid=5d091698-5c99-47ee-8d11-96c67ea81b01&big_category=A02&mid_category=A0205&big_area=32,청초호 바로 옆의 전망타워. 수직으로 상승하는 역동적 형태는 강원도의 미래를 상징한다.,Sokcho Expo Tower,23 minutes by car from Sampo Beach,The observation tower right next to Cheongcho Lake. The vertically rising dynamic shape symbolizes the future of Gangwon Province.,束草エキスポタワー,『三浦(サンポ)海水浴場』から車で約23分,清楚湖のすぐ隣の展望タワー。垂直に上昇するダイナミックな形は江原道の未来を象徴する。,38.191599,128.583536
6,속초,청초호,삼포해수욕장에서 차로 24분,http://tong.visitkorea.or.kr/cms2/website/03/2801803.jpeg,https://korean.visitkorea.or.kr/detail/ms_detail.do?cotid=707c42ad-e8b2-4c52-9c42-f9b2933fe9f9&big_category=A01&mid_category=A0101&big_area=32,속초 청초호는 1.3㎢ 둘레 5km에 이르는 큰 자연석호로 속초시의 중심을 이루고 있다.,Cheongchoho Lake,24 minutes by car from Sampo Beach,Sokcho Cheongcho Lake is a large natural stone lake with a circumference of 1.3 둘레 and forms the center of Sokcho-si.,清楚湖,『三浦(サンポ)海水浴場』から車で約24分,束草清楚湖は1.3㎢の周囲5kmに及ぶ大きな自然潟湖で束草市の中心を成している。,38.1965759,128.587638
7,속초,대포항,하조대/삼포해수욕장에서 차로 26/25분,http://tong.visitkorea.or.kr/cms2/website/51/2617351.jpg,https://korean.visitkorea.or.kr/detail/ms_detail.do?cotid=fab79ef5-d21e-4c3b-bf31-9fc5997ed400&big_category=A01&mid_category=A0101&big_area=32,설악산 기슭의 깨끗한 바닷가에 자리잡은 대포항은 남쪽에서 속초시로 들어오는 관문이라 할 수 있다.,Daepo Port,26/25 minutes by car from Hajodae/Sampo Beach,"Daepo Port, located on a clean beach at the foot of Seoraksan Mountain, can be said to be the gateway to Sokcho-si from the south.",テポドン,『河趙台(ハジョデ)海水浴場』から車で約26分、『三浦(サンポ)海水浴場』から車で約25分,雪岳山麓のきれいな海辺に位置した大浦港は、南側から束草市に入ってくる関門といえる。,38.172413,128.609144
8,속초,학사평콩꽃마을순두부촌,하조대/삼포해수욕장에서 차로 27/19분,http://tong.visitkorea.or.kr/cms2/website/40/1879840.jpg,https://korean.visitkorea.or.kr/detail/ms_detail.do?cotid=3af6517c-ded5-4db3-871d-0da28460a1c0,설악산 울산바위 아래 펼쳐진 노학동 학사평 두부마을은 초당식 순두부로 유명하다.,Hakhakpyeong Bean Flower Village Sundubu Village,27/19 minutes by car from Hajodae/Sampo Beach,"Hakpyeong Tofu Village in Nohak-dong, located under Ulsan Rock of Seoraksan Mountain, is famous for its bipartisan soft tofu.",学士ピョンコン花村スンドゥブ村,『河趙台(ハジョデ)海水浴場』から車で約27分、『三浦(サンポ)海水浴場』から車で約19分,雪岳山蔚山岩の下に広がる蘆鶴洞学士坪豆腐村は草堂式スンドゥブで有名だ。,38.205935,128.523366
9,속초,속초시립박물관,하조대/삼포해수욕장에서 차로 27/21분,http://tong.visitkorea.or.kr/cms2/website/50/2029050.jpg,https://www.sokchomuse.go.kr/main/,"선사시대부터 현대에 이르기까지 속초의 역사와 문화, 자연환경을 체험하고 배우는 문화체험관광지.",Sokcho City Museum,27/21 minutes by car from Hajodae/Sampo Beach,"From prehistoric times to modern times, it is a cultural experience tourist destination where you can experience and learn the history, culture, and natural environment of Sokcho.",束草市立博物館,『河趙台(ハジョデ)海水浴場』から車で約27分、『三浦(サンポ)海水浴場』から車で約21分,先史時代から現代に至るまで束草の歴史と文化、自然環境を体験して学ぶ文化体験観光地。,38.200559,128.539484
10,속초,속초아이 대관람차,삼포해수욕장에서 차로 27분,https://www.sokchotour.com/servlet/Thumbnail?i=/smartdb//2022/04/07/AAJ10040_I_02.jpg&w=1000&h=1000,https://www.sokchotour.com/tour/destination/experience?cid=260056&mode=read,"도심에서 접근성이 좋으며, 속초아이를 타면 푸른 바다, 설악산비경과 시내 도심을 한눈에 둘러볼 수 있다. 야간에는 주변 경관조명으로 색다른 볼거리를 제공하여 시선을 사로잡는다.",Sokchoeye ferris wheel,"27 minutes by car from Sampo Beach","It is accessible from the city center, and if you take a Ferris wheel, you can see the blue sea, the scenic view of Seoraksan Mountain, and the city center at a glance. At night, it attracts attention by providing unique attractions with surrounding landscape lighting.",束草アイ大観覧車,『河趙台(ハジョデ)海水浴場』から車で約30分、『三浦(サンポ)海水浴場』から車で約20分,都心からアクセスが良く、束草アイ大観覧車に乗れば青い海、雪岳山秘境と都心を一望できる。夜間には周辺の景観照明でユニークな景色がみられる場所。,38.190782,128.602586
11,속초,속초해수욕장,하조대/삼포해수욕장에서 차로 29/25분,http://tong.visitkorea.or.kr/cms2/website/82/2707482.jpg,https://korean.visitkorea.or.kr/detail/ms_detail.do?cotid=12e3b8dc-81ad-44e7-87af-ffd9adb412d6&big_category=A01&mid_category=&big_area=32,1976년 처음 개장한 속초해수욕장은 국내 대표적인 해수욕장 가운데 하나. 모래사장 곳곳에 설치된 조형물들이 계절에 관계없이 다채로운 볼거리를 선사한다.,Sokcho Beach,29/25 minutes by car from Hajodae/Sampo Beach,"Sokcho Beach, which first opened in 1976, is one of the representative beaches in Korea. Sculptures installed throughout the sandy beach provide a variety of attractions regardless of the season.",束草海水浴場,『河趙台(ハジョデ)海水浴場』から車で約29分、『三浦(サンポ)海水浴場』から車で約25分,1976年に初めて開場した束草海水浴場は、国内の代表的な海水浴場の一つ。砂浜のあちこちに設置された造形物が季節に関係なく多彩な見どころを提供する。,38.190102,128.604223
12,속초,외옹치 바다향기로,하조대/삼포해수욕장에서 차로 29/26분,http://tong.visitkorea.or.kr/cms2/website/32/2774632.jpg,https://korean.visitkorea.or.kr/detail/ms_detail.do?cotid=034ff037-924e-4e15-8ad9-d0c0de59c2b8&big_category=A03&mid_category=A0302&big_area=32,"가볍고 다이나믹하게 즐기는 속초 해변길, 외웅치 바다향기로.",With the scent of the sea,29/26 minutes by car from Hajodae/Sampo Beach,"Sokcho Beach Road, where you can enjoy light and dynamic, with the scent of Oeungchi Sea.",外オンチの海の香りで,『河趙台(ハジョデ)海水浴場』から車で約29分、『三浦(サンポ)海水浴場』から車で約26分,軽くてダイナミックに楽しむ束草海辺道、外雄峙の海の香りに。,38.182927,128.609504
13,속초,설악산국립공원,하조대/삼포해수욕장에서 차로 32분,http://tong.visitkorea.or.kr/cms2/website/63/2774563.jpg,https://korean.visitkorea.or.kr/detail/ms_detail.do?cotid=c4705ac9-907a-437a-8cab-70926d4be47e&big_category=A01&mid_category=A0101&big_area=32,"설악산국립공원은  손꼽히는 단풍 명소로 한라산, 지리산에 이어 남한에서 세 번째로 높은 대청봉(1,708m)을 갖고 있다.",Seoraksan National Park,32 minutes by car from Hajodae/Sampo Beach,"Seoraksan National Park is one of the best maple attractions, and has Daecheongbong Peak (1,708m), the third highest peak in South Korea after Hallasan Mountain and Jirisan Mountain.",雪岳山国立公園,『河趙台(ハジョデ)海水浴場』から車で約32分、『三浦(サンポ)海水浴場』から車で約32分,雪岳山国立公園は指折りの紅葉スポットとして漢拏山、智異山に続き韓国で3番目に高い大青峰(1708m)を持っている。,38.148972,128.393868
14,속초,토왕성폭포,하조대/삼포해수욕장에서 차로 32분,http://tong.visitkorea.or.kr/cms2/website/39/2029239.jpg,https://korean.visitkorea.or.kr/detail/ms_detail.do?cotid=d6bba112-5e8f-4184-9c28-e625c4e1d894&big_category=A01&mid_category=A0101&big_area=32,설악산을 대표하는 3대 폭포 중 한 곳,Towangseong Falls,32 minutes by car from Hajodae/Sampo Beach,One of the three major waterfalls representing Mt. Seorak,土王星の滝,『河趙台(ハジョデ)海水浴場』から車で約32分、『三浦(サンポ)海水浴場』から車で約32分,雪岳山を代表する3大滝の1つ。,38.153036,128.494458
15,속초,설악 케이블카,하조대/삼포해수욕장에서 차로 33분,http://tong.visitkorea.or.kr/cms2/website/06/2444206.jpg,http://www.sorakcablecar.co.kr/,설악산의 비경을 편하게 감상하는 최적의 방법은 설악 케이블카를 이용하는 것이다. 편도 이용이 불가하기 때문에 티켓은 왕복으로 끊어야 한다.,Seorak Cable Car,33 minutes by car from Hajodae/Sampo Beach,The best way to enjoy the scenic view of Seoraksan Mountain comfortably is to use a Seorak cable car. You have to buy a round-trip ticket because you can't use one way.,雪岳ケーブルカー,『河趙台(ハジョデ)海水浴場』から車で約33分、『三浦(サンポ)海水浴場』から車で約33分,雪岳山の秘境を楽に鑑賞する最適の方法は、雪岳ケーブルカーを利用することだ。片道利用ができないため、チケットは往復で切らなければならない。,38.173151,128.489189
16,속초,설악산 울산바위,하조대/삼포해수욕장에서 차로 33분,http://tong.visitkorea.or.kr/cms2/website/62/2774462.jpg,https://korean.visitkorea.or.kr/detail/ms_detail.do?cotid=9b5e6b7e-3dd5-4e1b-871e-639a7d5cbfd8&big_category=A01&mid_category=A0102&big_area=32,설악산의 으뜸가는 명물 바위. 모두 6개의 봉우리로 이루어져 있는데 거대한 바위산 전경이 경이로움을 불러일으킨다. 처음엔 완만한 경사로 시작하나 흔들바위를 지나서는 가파른 바위 언덕과 철제 계단길이 계속된다. 왕복 4시간 정도 소요되며 난이도가 높아 어린이나 노약자는 오르기 힘들다.,Ulsan Rock of Seoraksan Mountain,33 minutes by car from Hajodae/Sampo Beach,"the most famous rock of Mt. Seorak It consists of six peaks in total, and the panoramic view of the huge rocky mountain evokes wonder. At first, it starts with a gentle slope, but after passing through the rocking rock, steep rocky hills and iron stairs continue. It takes about 4 hours to go back and forth, and it is difficult for children and the elderly to climb due to its high level of difficulty.",雪岳山蔚山岩,『河趙台(ハジョデ)海水浴場』から車で約33分、『三浦(サンポ)海水浴場』から車で約33分,雪岳山の最高の名物岩 計6つの峰で構成されているが、巨大な岩山の全景が驚異を呼び起こす。最初は緩やかな傾斜で始まるが、ゆらゆら岩を通る急な岩の丘と鉄製階段道が続く。 往復4時間ほどかかり、難易度が高く、子供や高齢者は上がりにくい。,38.197818,128.468305
1,양양,하조대 스카이워크,하조대해수욕장에서 도보 4분,http://tong.visitkorea.or.kr/cms2/website/83/2775483.jpg,https://blog.naver.com/likeyyang/221987684786,하조대해변을 배경으로 인생샷을 남길 수 있는 사진 명소. 투명한 유리 바닥 아래로는 깎아지른 듯 웅장한 절벽과 짙푸른 바다가 훤히 내려다보여 아찔함을 선사.,Hajodae Skywalk,4 minutes' walk from Hajo Dae Beach,"This is a photo spot where you can take your best pictures against the backdrop of the Hajo Beach. Under the transparent glass floor, you can clearly see the magnificent cliffs and the deep blue sea, giving you a dizzying feeling.",下条台スカイウォーク,『河趙台(ハジョデ)海水浴場』から徒歩約4分,下条大海辺を背景に人生ショットを残すことができる写真スポット。透明なガラスの底の下には切り立ったような雄大な絶壁と濃い青い海が一望でき、くらっとすることができる。,38.0222688,128.7291414
2,양양,죽도해수욕장,하조대해수욕장에서 차로 8분,http://tong.visitkorea.or.kr/cms2/website/74/2775374.jpg,http://jukdo-beach.co.kr/,"원도 양양군 현남면 인구리에 있는 해수욕장으로, 앞바다에 대나무가 많아 죽도라고 하는 섬이 있어 붙여진 이름.",Jukdo Beach,8 minutes by car from Hajo Dae Beach,"It is a beach located in Population-ri, Hyeonnam-myeon, Yangyang-gun, Wondo, and is named after an island called Jukdo because there are many bamboo trees in the sea.",竹島海水浴場,『河趙台(ハジョデ)海水浴場』から車で約8分,元島襄陽郡県南面人口里にある海水浴場で、沖合に竹が多くて竹島という島があって付けられた名前。,37.9726759,128.7611783
3,양양,동호해변,하조대해수욕장에서 차로 9분,http://tong.visitkorea.or.kr/cms2/website/75/1964075.jpg,https://blog.naver.com/likeyyang/221993760431,아담하지만 모래가 곱고 부드러우며 바닷물이 깨끗한 해변.,Dongho Beach,9 minutes by car from Hajo Dae Beach,A small but fine sandy beach and clean sea water.,東湖海辺,『河趙台(ハジョデ)海水浴場』から車で約9分,こぢんまりしているが砂がきれいで柔らかく、海水がきれいな海辺。,38.0583391,128.6824685
4,양양,양양 서피비치,하조대해수욕장에서 도보 9분,http://tong.visitkorea.or.kr/cms2/website/60/2801860.jpeg,https://blog.naver.com/likeyyang/222030371679,하조대해수욕장 북쪽에 조성한 1km의 서핑 전용 해변.,Suffi Beach in Yangyang,9 minutes walk from Hajo Dae Beach,A 1km surfing-only beach was built in the north of Hajo Dae Beach.,襄陽サーフィビーチ,『河趙台(ハジョデ)海水浴場』から徒歩約9分,河趙台海水浴場の北側に造成された1kmのサーフィン専用海辺。,38.0280602,128.7175896
5,양양,오산리선사유적박물관,하조대해수욕장에서 차로 13분,http://tong.visitkorea.or.kr/cms2/website/88/1565088.jpg,https://korean.visitkorea.or.kr/detail/ms_detail.do?cotid=f95d88a0-606b-435b-9ea2-094fd6887310&big_category=A02&mid_category=A0206&big_area=32,오산리선사유적박물관은 우리나라 신석기 시대를 대표하는 유적인 양양 오산리 유적(사적 제394호)에서 출토된 유물을 보관·전시·연구한다.,Osan-ri Prehistoric Museum,13 minutes by car from Hajo Dae Beach,"The Osan-ri Prehistoric Museum stores, exhibits, and studies artifacts excavated from the remains of Osan-ri, Yangyang (Historic Site No. 394), which are representative of the Neolithic period in Korea.",烏山里先史遺跡博物館,『河趙台(ハジョデ)海水浴場』から車で約13分,烏山里先史遺跡博物館は韓国の新石器時代を代表する遺跡である襄陽烏山里遺跡(史跡第394号)から出土した遺物を保管·展示·研究する。,38.0860129,128.6605665
6,양양,"양양전통시장 (4, 9일)",하조대해수욕장에서 차로 14분,http://tong.visitkorea.or.kr/cms2/website/47/2617647.jpg,https://korean.visitkorea.or.kr/detail/ms_detail.do?cotid=e8dad309-c256-448a-990c-47167e651a36&big_category=A04&mid_category=A0401&big_area=32,"양양재래시장은 양양을 느끼는 가장 좋은 방법이다. 4, 9일장이니 참고해서 방문하자.",Yangyang Traditional Market (4th and 9th),14 minutes by car from Hajo Dae Beach,"Yangyang Traditional Market is the best way to feel Yangyang. It's a 4-9-day market, so let's refer to it and visit.",襄陽伝統市場(4、9日おきに開かれる市場),『河趙台(ハジョデ)海水浴場』から車で約14分,襄陽在来市場は襄陽を感じる最も良い方法だ。4、9日おきに開かれる市場。,38.0748749,128.622787
7,양양,남애항 스카이워크 전망대,하조대해수욕장에서 차로 15분,http://tong.visitkorea.or.kr/cms2/website/01/2774801.jpg,https://korean.visitkorea.or.kr/detail/ms_detail.do?cotid=b2f4d2a8-504a-4559-83eb-1244a09cd655&big_category=A01&mid_category=A0101&big_area=32,"남애항은 양양에서 가장 큰 규모의 항구로 양양8경 중 하나다. 강릉 심곡항, 삼척 초곡항과 함께 강원도 3대 미항으로 꼽힌다. 방파제 입구 쪽에 자리한 스카이워크에 오르면 남애항 일대와 동해의 시원스러운 풍광을 한눈에 담을 수 있다.",Namae Port Skywalk Observatory,15 minutes by car from Hajo Dae Beach,"Namae Port is the largest port in Yangyang and is one of the eight scenic spots in Yangyang. Along with Gangneung Simgok Port and Samcheok Chogok Port, it is considered one of the three major Mihang Port in Gangwon-do. If you climb the Skywalk located at the entrance of the breakwater, you can see the cool scenery of Namae Port and the East Sea at a glance.",南愛港スカイウォーク展望台,『河趙台(ハジョデ)海水浴場』から車で約15分,南愛港は襄陽で最も大きな規模の港で、襄陽8景の一つだ。江陵深谷港、三陟草谷港と共に江原道3大米港に挙げられる。防波堤入口側に位置するスカイウォークに上がれば、南涯港一帯と東海の涼しい風景を一望できる。,37.9448106,128.788535
8,양양,낙산사,하조대해수욕장에서 차로 20분,http://tong.visitkorea.or.kr/cms2/website/99/2775499.jpg,https://blog.naver.com/likeyyang/222764634001,낙산사는 신라 문무왕 11년(671)에 의상대사가 창건한 고찰이다. 강원도 양양을 대표하는 관광명소이자 역사적 가치가 큰 명승지로 낙산사 홈페이지를 통해 템플스테이를 신청할 수 있다.,Naksan Temple,20 minutes by car from Hajo Dae Beach,"Naksansa Temple was founded by Uisang in the 11th year of King Munmu of Silla (671). It is a tourist attraction representing Yangyang, Gangwon-do, and a scenic spot with great historical value, and you can apply for a temple stay through the website of Naksansa Temple.",洛山寺,『河趙台(ハジョデ)海水浴場』から車で約20分,洛山寺は新羅文武王11年(671)に義湘大師が創建した考察だ。江原道襄陽を代表する観光名所であり歴史的価値が大きい名勝で、洛山寺ホームページを通じてテンプルステイを申請することができる。,38.1265937,128.6285213
9,양양,국립 미천골자연휴양림,하조대해수욕장에서 차로 39분,http://tong.visitkorea.or.kr/cms2/website/73/2774773.jpg,https://blog.naver.com/likeyyang/222058424111,"미천골 계곡을 따라 조성된 휴양림으로 다채로운 숲 체험 프로그램, 삼림욕, 트레킹 등을 즐길 수 있다.",National Michengol Recreation Forest,39 minutes by car from Hajo Dae Beach,"It is a recreational forest created along the Micheongol Valley, and you can enjoy various forest experience programs, forest bathing, and trekking.",国立ミチョンゴル自然休養林,『河趙台(ハジョデ)海水浴場』から車で約39分,眉川谷渓谷に沿って造成された休養林で多彩な森体験プログラム、森林浴、トレッキングなどが楽しめる。,37.9489878,128.5119542